聯賽,時間,對戰組合,主/客/和 機率,主/客/和 賠率,讓分盤預估,波膽推薦 (限足球),獨贏推薦
NBA,2026-05-18 00:00,Pistons 🏀 VS Cavaliers 🏀,54.6% / 45.4% / 0.0%,1.74 / 2.09 / -,主讓 -3.0,-,主勝
MLB,2026-05-17 16:15,Rays ⚾ VS Marlins ⚾,61.3% / 38.7% / 0.0%,1.55 / 2.46 / -,主讓 -1.5,-,主勝
MLB,2026-05-17 17:35,Nationals ⚾ VS Orioles ⚾,53.9% / 46.1% / 0.0%,1.76 / 2.06 / -,主讓 -1.5,-,主勝
MLB,2026-05-17 17:35,Braves ⚾ VS Red Sox ⚾,63.7% / 36.3% / 0.0%,1.49 / 2.62 / -,主讓 -1.5,-,主勝
MLB,2026-05-17 17:35,Pirates ⚾ VS Phillies ⚾,53.5% / 46.5% / 0.0%,1.77 / 2.04 / -,主讓 -1.5,-,主勝
MLB,2026-05-17 17:40,Guardians ⚾ VS Reds ⚾,50.8% / 49.2% / 0.0%,1.87 / 1.93 / -,主讓 -1.5,-,主勝
MLB,2026-05-17 17:40,Mets ⚾ VS Yankees ⚾,41.4% / 58.6% / 0.0%,2.3 / 1.62 / -,客讓 -1.5,-,客勝
MLB,2026-05-17 17:40,Tigers ⚾ VS Blue Jays ⚾,52.4% / 47.6% / 0.0%,1.81 / 1.99 / -,主讓 -1.5,-,主勝
MLB,2026-05-17 18:10,White Sox ⚾ VS Cubs ⚾,45.1% / 54.9% / 0.0%,2.11 / 1.73 / -,客讓 -1.5,-,客勝
MLB,2026-05-17 18:10,Twins ⚾ VS Brewers ⚾,44.4% / 55.6% / 0.0%,2.14 / 1.71 / -,客讓 -1.5,-,客勝
MLB,2026-05-17 18:10,Astros ⚾ VS Rangers ⚾,46.9% / 53.1% / 0.0%,2.03 / 1.79 / -,客讓 -1.5,-,客勝
MLB,2026-05-17 18:15,Cardinals ⚾ VS Royals ⚾,59.5% / 40.5% / 0.0%,1.6 / 2.35 / -,主讓 -1.5,-,主勝
MLB,2026-05-17 19:10,Rockies ⚾ VS Diamondbacks ⚾,45.5% / 54.5% / 0.0%,2.09 / 1.74 / -,客讓 -1.5,-,客勝
MLB,2026-05-17 20:05,Athletics ⚾ VS Giants ⚾,58.0% / 42.0% / 0.0%,1.64 / 2.26 / -,主讓 -1.5,-,主勝
MLB,2026-05-17 20:07,Angels ⚾ VS Dodgers ⚾,39.1% / 60.9% / 0.0%,2.43 / 1.56 / -,客讓 -1.5,-,客勝
MLB,2026-05-17 23:20,Mariners ⚾ VS Padres ⚾,46.2% / 53.8% / 0.0%,2.05 / 1.77 / -,客讓 -1.5,-,客勝
EPL,2026-05-17 11:30,Manchester United ⚽ VS Nottingham Forest ⚽,39.4% / 32.5% / 28.1%,2.41 / 2.92 / 3.39,主讓 -0.25,2-1 或 1-0,主勝
EPL,2026-05-17 14:00,Brentford ⚽ VS Crystal Palace ⚽,40.1% / 32.2% / 27.7%,2.37 / 2.95 / 3.43,主讓 -0.25,2-1 或 1-0,主勝
EPL,2026-05-17 14:00,Everton ⚽ VS Sunderland ⚽,38.2% / 33.0% / 28.7%,2.49 / 2.87 / 3.31,主讓 -0.25,2-1 或 1-0,主勝
EPL,2026-05-17 14:00,Leeds United ⚽ VS Brighton & Hove Albion ⚽,31.6% / 41.6% / 26.8%,3.01 / 2.28 / 3.54,客讓 -0.25,1-2 或 0-1,客勝
EPL,2026-05-17 14:00,Wolverhampton Wanderers ⚽ VS Fulham ⚽,20.0% / 54.0% / 26.0%,4.74 / 1.76 / 3.65,客讓 -1.25,0-2 或 1-3,客勝
EPL,2026-05-17 16:30,Newcastle United ⚽ VS West Ham United ⚽,41.7% / 31.5% / 26.7%,2.28 / 3.01 / 3.56,主讓 -0.25,2-1 或 1-0,主勝
