狀態,開賽時間,主隊,客隊,🔥 推薦,📊 勝率
"Sun, May 17th at 8:00 PM EDT",2026-05-18 00:00,Pistons 🏀,Cavaliers 🏀,Pistons 🏀,54.6%
Scheduled,2026-05-17 16:15,Rays ⚾,Marlins ⚾,Rays ⚾,61.3%
Scheduled,2026-05-17 17:35,Nationals ⚾,Orioles ⚾,Nationals ⚾,53.9%
Scheduled,2026-05-17 17:35,Braves ⚾,Red Sox ⚾,Braves ⚾,63.7%
Scheduled,2026-05-17 17:35,Pirates ⚾,Phillies ⚾,Pirates ⚾,53.5%
Scheduled,2026-05-17 17:40,Guardians ⚾,Reds ⚾,Guardians ⚾,50.8%
Scheduled,2026-05-17 17:40,Mets ⚾,Yankees ⚾,Yankees ⚾,58.6%
Scheduled,2026-05-17 17:40,Tigers ⚾,Blue Jays ⚾,Tigers ⚾,52.4%
Scheduled,2026-05-17 18:10,White Sox ⚾,Cubs ⚾,Cubs ⚾,54.9%
Scheduled,2026-05-17 18:10,Twins ⚾,Brewers ⚾,Brewers ⚾,55.6%
Scheduled,2026-05-17 18:10,Astros ⚾,Rangers ⚾,Rangers ⚾,53.1%
Scheduled,2026-05-17 18:15,Cardinals ⚾,Royals ⚾,Cardinals ⚾,59.5%
Scheduled,2026-05-17 19:10,Rockies ⚾,Diamondbacks ⚾,Diamondbacks ⚾,54.5%
Scheduled,2026-05-17 20:05,Athletics ⚾,Giants ⚾,Athletics ⚾,58.0%
Scheduled,2026-05-17 20:07,Angels ⚾,Dodgers ⚾,Dodgers ⚾,60.9%
Scheduled,2026-05-17 23:20,Mariners ⚾,Padres ⚾,Padres ⚾,53.8%
"Sun, May 17th at 7:30 AM EDT",2026-05-17 11:30,Manchester United ⚽,Nottingham Forest ⚽,Manchester United ⚽,55.4%
"Sun, May 17th at 10:00 AM EDT",2026-05-17 14:00,Brentford ⚽,Crystal Palace ⚽,Brentford ⚽,56.1%
"Sun, May 17th at 10:00 AM EDT",2026-05-17 14:00,Everton ⚽,Sunderland ⚽,Everton ⚽,54.3%
"Sun, May 17th at 10:00 AM EDT",2026-05-17 14:00,Leeds United ⚽,Brighton & Hove Albion ⚽,Brighton & Hove Albion ⚽,55.6%
"Sun, May 17th at 10:00 AM EDT",2026-05-17 14:00,Wolverhampton Wanderers ⚽,Fulham ⚽,Fulham ⚽,71.4%
"Sun, May 17th at 12:30 PM EDT",2026-05-17 16:30,Newcastle United ⚽,West Ham United ⚽,Newcastle United ⚽,57.6%
